id,name,type,parent_id,source_arg_set_id,machine_id,unit,description,upid
0,mem.virt,process_memory,,,,,,1
1,mem.locked,process_memory,,,,,,1
2,mem.rss.watermark,process_memory,,,,,,1
3,mem.rss,process_memory,,,,,,1
4,mem.rss.anon,process_memory,,,,,,1
5,mem.rss.file,process_memory,,,,,,1
6,mem.rss.shmem,process_memory,,,,,,1
7,mem.swap,process_memory,,,,,,1
8,oom_score_adj,oom_score_adj,,,,,,1
9,mem.virt,process_memory,,,,,,2
10,mem.locked,process_memory,,,,,,2
11,mem.rss.watermark,process_memory,,,,,,2
12,mem.rss,process_memory,,,,,,2
13,mem.rss.anon,process_memory,,,,,,2
14,mem.rss.file,process_memory,,,,,,2
15,mem.rss.shmem,process_memory,,,,,,2
16,mem.swap,process_memory,,,,,,2
17,oom_score_adj,oom_score_adj,,,,,,2
18,mem.virt,process_memory,,,,,,3
19,mem.locked,process_memory,,,,,,3
20,mem.rss.watermark,process_memory,,,,,,3
21,mem.rss,process_memory,,,,,,3
22,mem.rss.anon,process_memory,,,,,,3
23,mem.rss.file,process_memory,,,,,,3
24,mem.rss.shmem,process_memory,,,,,,3
25,mem.swap,process_memory,,,,,,3
26,oom_score_adj,oom_score_adj,,,,,,3
27,mem.virt,process_memory,,,,,,4
28,mem.locked,process_memory,,,,,,4
29,mem.rss.watermark,process_memory,,,,,,4
30,mem.rss,process_memory,,,,,,4
31,mem.rss.anon,process_memory,,,,,,4
32,mem.rss.file,process_memory,,,,,,4
33,mem.rss.shmem,process_memory,,,,,,4
34,mem.swap,process_memory,,,,,,4
35,oom_score_adj,oom_score_adj,,,,,,4
36,mem.virt,process_memory,,,,,,5
37,mem.locked,process_memory,,,,,,5
38,mem.rss.watermark,process_memory,,,,,,5
39,mem.rss,process_memory,,,,,,5
40,mem.rss.anon,process_memory,,,,,,5
41,mem.rss.file,process_memory,,,,,,5
42,mem.rss.shmem,process_memory,,,,,,5
43,mem.swap,process_memory,,,,,,5
44,oom_score_adj,oom_score_adj,,,,,,5
45,mem.virt,process_memory,,,,,,6
46,mem.locked,process_memory,,,,,,6
47,mem.rss.watermark,process_memory,,,,,,6
48,mem.rss,process_memory,,,,,,6
49,mem.rss.anon,process_memory,,,,,,6
50,mem.rss.file,process_memory,,,,,,6
51,mem.rss.shmem,process_memory,,,,,,6
52,mem.swap,process_memory,,,,,,6
53,oom_score_adj,oom_score_adj,,,,,,6
54,mem.virt,process_memory,,,,,,7
55,mem.locked,process_memory,,,,,,7
56,mem.rss.watermark,process_memory,,,,,,7
57,mem.rss,process_memory,,,,,,7
58,mem.rss.anon,process_memory,,,,,,7
59,mem.rss.file,process_memory,,,,,,7
60,mem.rss.shmem,process_memory,,,,,,7
61,mem.swap,process_memory,,,,,,7
62,oom_score_adj,oom_score_adj,,,,,,7
63,mem.virt,process_memory,,,,,,8
64,mem.locked,process_memory,,,,,,8
65,mem.rss.watermark,process_memory,,,,,,8
66,mem.rss,process_memory,,,,,,8
67,mem.rss.anon,process_memory,,,,,,8
68,mem.rss.file,process_memory,,,,,,8
69,mem.rss.shmem,process_memory,,,,,,8
70,mem.swap,process_memory,,,,,,8
71,oom_score_adj,oom_score_adj,,,,,,8
72,mem.virt,process_memory,,,,,,9
73,mem.locked,process_memory,,,,,,9
74,mem.rss.watermark,process_memory,,,,,,9
75,mem.rss,process_memory,,,,,,9
76,mem.rss.anon,process_memory,,,,,,9
77,mem.rss.file,process_memory,,,,,,9
78,mem.rss.shmem,process_memory,,,,,,9
79,mem.swap,process_memory,,,,,,9
80,oom_score_adj,oom_score_adj,,,,,,9
81,mem.virt,process_memory,,,,,,10
82,mem.locked,process_memory,,,,,,10
83,mem.rss.watermark,process_memory,,,,,,10
84,mem.rss,process_memory,,,,,,10
85,mem.rss.anon,process_memory,,,,,,10
86,mem.rss.file,process_memory,,,,,,10
87,mem.rss.shmem,process_memory,,,,,,10
88,mem.swap,process_memory,,,,,,10
89,oom_score_adj,oom_score_adj,,,,,,10
90,mem.virt,process_memory,,,,,,11
91,mem.locked,process_memory,,,,,,11
92,mem.rss.watermark,process_memory,,,,,,11
93,mem.rss,process_memory,,,,,,11
94,mem.rss.anon,process_memory,,,,,,11
95,mem.rss.file,process_memory,,,,,,11
96,mem.rss.shmem,process_memory,,,,,,11
97,mem.swap,process_memory,,,,,,11
98,oom_score_adj,oom_score_adj,,,,,,11
99,mem.virt,process_memory,,,,,,12
100,mem.locked,process_memory,,,,,,12
101,mem.rss.watermark,process_memory,,,,,,12
102,mem.rss,process_memory,,,,,,12
103,mem.rss.anon,process_memory,,,,,,12
104,mem.rss.file,process_memory,,,,,,12
105,mem.rss.shmem,process_memory,,,,,,12
106,mem.swap,process_memory,,,,,,12
107,oom_score_adj,oom_score_adj,,,,,,12
108,mem.virt,process_memory,,,,,,13
109,mem.locked,process_memory,,,,,,13
110,mem.rss.watermark,process_memory,,,,,,13
111,mem.rss,process_memory,,,,,,13
112,mem.rss.anon,process_memory,,,,,,13
113,mem.rss.file,process_memory,,,,,,13
114,mem.rss.shmem,process_memory,,,,,,13
115,mem.swap,process_memory,,,,,,13
116,oom_score_adj,oom_score_adj,,,,,,13
117,mem.virt,process_memory,,,,,,14
118,mem.locked,process_memory,,,,,,14
119,mem.rss.watermark,process_memory,,,,,,14
120,mem.rss,process_memory,,,,,,14
121,mem.rss.anon,process_memory,,,,,,14
122,mem.rss.file,process_memory,,,,,,14
123,mem.rss.shmem,process_memory,,,,,,14
124,mem.swap,process_memory,,,,,,14
125,oom_score_adj,oom_score_adj,,,,,,14
126,mem.virt,process_memory,,,,,,15
127,mem.locked,process_memory,,,,,,15
128,mem.rss.watermark,process_memory,,,,,,15
129,mem.rss,process_memory,,,,,,15
130,mem.rss.anon,process_memory,,,,,,15
131,mem.rss.file,process_memory,,,,,,15
132,mem.rss.shmem,process_memory,,,,,,15
133,mem.swap,process_memory,,,,,,15
134,oom_score_adj,oom_score_adj,,,,,,15
135,mem.virt,process_memory,,,,,,16
136,mem.locked,process_memory,,,,,,16
137,mem.rss.watermark,process_memory,,,,,,16
138,mem.rss,process_memory,,,,,,16
139,mem.rss.anon,process_memory,,,,,,16
140,mem.rss.file,process_memory,,,,,,16
141,mem.rss.shmem,process_memory,,,,,,16
142,mem.swap,process_memory,,,,,,16
143,oom_score_adj,oom_score_adj,,,,,,16
144,mem.virt,process_memory,,,,,,17
145,mem.locked,process_memory,,,,,,17
146,mem.rss.watermark,process_memory,,,,,,17
147,mem.rss,process_memory,,,,,,17
148,mem.rss.anon,process_memory,,,,,,17
149,mem.rss.file,process_memory,,,,,,17
150,mem.rss.shmem,process_memory,,,,,,17
151,mem.swap,process_memory,,,,,,17
152,oom_score_adj,oom_score_adj,,,,,,17
153,mem.virt,process_memory,,,,,,18
154,mem.locked,process_memory,,,,,,18
155,mem.rss.watermark,process_memory,,,,,,18
156,mem.rss,process_memory,,,,,,18
157,mem.rss.anon,process_memory,,,,,,18
158,mem.rss.file,process_memory,,,,,,18
159,mem.rss.shmem,process_memory,,,,,,18
160,mem.swap,process_memory,,,,,,18
161,oom_score_adj,oom_score_adj,,,,,,18
162,mem.virt,process_memory,,,,,,19
163,mem.locked,process_memory,,,,,,19
164,mem.rss.watermark,process_memory,,,,,,19
165,mem.rss,process_memory,,,,,,19
166,mem.rss.anon,process_memory,,,,,,19
167,mem.rss.file,process_memory,,,,,,19
168,mem.rss.shmem,process_memory,,,,,,19
169,mem.swap,process_memory,,,,,,19
170,oom_score_adj,oom_score_adj,,,,,,19
171,mem.virt,process_memory,,,,,,20
172,mem.locked,process_memory,,,,,,20
173,mem.rss.watermark,process_memory,,,,,,20
174,mem.rss,process_memory,,,,,,20
175,mem.rss.anon,process_memory,,,,,,20
176,mem.rss.file,process_memory,,,,,,20
177,mem.rss.shmem,process_memory,,,,,,20
178,mem.swap,process_memory,,,,,,20
179,oom_score_adj,oom_score_adj,,,,,,20
180,mem.virt,process_memory,,,,,,21
181,mem.locked,process_memory,,,,,,21
182,mem.rss.watermark,process_memory,,,,,,21
183,mem.rss,process_memory,,,,,,21
184,mem.rss.anon,process_memory,,,,,,21
185,mem.rss.file,process_memory,,,,,,21
186,mem.rss.shmem,process_memory,,,,,,21
187,mem.swap,process_memory,,,,,,21
188,oom_score_adj,oom_score_adj,,,,,,21
189,mem.virt,process_memory,,,,,,22
190,mem.locked,process_memory,,,,,,22
191,mem.rss.watermark,process_memory,,,,,,22
192,mem.rss,process_memory,,,,,,22
193,mem.rss.anon,process_memory,,,,,,22
194,mem.rss.file,process_memory,,,,,,22
195,mem.rss.shmem,process_memory,,,,,,22
196,mem.swap,process_memory,,,,,,22
197,oom_score_adj,oom_score_adj,,,,,,22
198,mem.virt,process_memory,,,,,,23
199,mem.locked,process_memory,,,,,,23
200,mem.rss.watermark,process_memory,,,,,,23
201,mem.rss,process_memory,,,,,,23
202,mem.rss.anon,process_memory,,,,,,23
203,mem.rss.file,process_memory,,,,,,23
204,mem.rss.shmem,process_memory,,,,,,23
205,mem.swap,process_memory,,,,,,23
206,oom_score_adj,oom_score_adj,,,,,,23
207,mem.virt,process_memory,,,,,,24
208,mem.locked,process_memory,,,,,,24
209,mem.rss.watermark,process_memory,,,,,,24
210,mem.rss,process_memory,,,,,,24
211,mem.rss.anon,process_memory,,,,,,24
212,mem.rss.file,process_memory,,,,,,24
213,mem.rss.shmem,process_memory,,,,,,24
214,mem.swap,process_memory,,,,,,24
215,oom_score_adj,oom_score_adj,,,,,,24
216,mem.virt,process_memory,,,,,,25
217,mem.locked,process_memory,,,,,,25
218,mem.rss.watermark,process_memory,,,,,,25
219,mem.rss,process_memory,,,,,,25
220,mem.rss.anon,process_memory,,,,,,25
221,mem.rss.file,process_memory,,,,,,25
222,mem.rss.shmem,process_memory,,,,,,25
223,mem.swap,process_memory,,,,,,25
224,oom_score_adj,oom_score_adj,,,,,,25
225,mem.virt,process_memory,,,,,,26
226,mem.locked,process_memory,,,,,,26
227,mem.rss.watermark,process_memory,,,,,,26
228,mem.rss,process_memory,,,,,,26
229,mem.rss.anon,process_memory,,,,,,26
230,mem.rss.file,process_memory,,,,,,26
231,mem.rss.shmem,process_memory,,,,,,26
232,mem.swap,process_memory,,,,,,26
233,oom_score_adj,oom_score_adj,,,,,,26
234,mem.virt,process_memory,,,,,,27
235,mem.locked,process_memory,,,,,,27
236,mem.rss.watermark,process_memory,,,,,,27
237,mem.rss,process_memory,,,,,,27
238,mem.rss.anon,process_memory,,,,,,27
239,mem.rss.file,process_memory,,,,,,27
240,mem.rss.shmem,process_memory,,,,,,27
241,mem.swap,process_memory,,,,,,27
242,oom_score_adj,oom_score_adj,,,,,,27
243,mem.virt,process_memory,,,,,,28
244,mem.locked,process_memory,,,,,,28
245,mem.rss.watermark,process_memory,,,,,,28
246,mem.rss,process_memory,,,,,,28
247,mem.rss.anon,process_memory,,,,,,28
248,mem.rss.file,process_memory,,,,,,28
249,mem.rss.shmem,process_memory,,,,,,28
250,mem.swap,process_memory,,,,,,28
251,oom_score_adj,oom_score_adj,,,,,,28
252,mem.virt,process_memory,,,,,,29
253,mem.locked,process_memory,,,,,,29
254,mem.rss.watermark,process_memory,,,,,,29
255,mem.rss,process_memory,,,,,,29
256,mem.rss.anon,process_memory,,,,,,29
257,mem.rss.file,process_memory,,,,,,29
258,mem.rss.shmem,process_memory,,,,,,29
259,mem.swap,process_memory,,,,,,29
260,oom_score_adj,oom_score_adj,,,,,,29
261,mem.virt,process_memory,,,,,,30
262,mem.locked,process_memory,,,,,,30
263,mem.rss.watermark,process_memory,,,,,,30
264,mem.rss,process_memory,,,,,,30
265,mem.rss.anon,process_memory,,,,,,30
266,mem.rss.file,process_memory,,,,,,30
267,mem.rss.shmem,process_memory,,,,,,30
268,mem.swap,process_memory,,,,,,30
269,oom_score_adj,oom_score_adj,,,,,,30
270,mem.virt,process_memory,,,,,,31
271,mem.locked,process_memory,,,,,,31
272,mem.rss.watermark,process_memory,,,,,,31
273,mem.rss,process_memory,,,,,,31
274,mem.rss.anon,process_memory,,,,,,31
275,mem.rss.file,process_memory,,,,,,31
276,mem.rss.shmem,process_memory,,,,,,31
277,mem.swap,process_memory,,,,,,31
278,oom_score_adj,oom_score_adj,,,,,,31
279,mem.virt,process_memory,,,,,,32
280,mem.locked,process_memory,,,,,,32
281,mem.rss.watermark,process_memory,,,,,,32
282,mem.rss,process_memory,,,,,,32
283,mem.rss.anon,process_memory,,,,,,32
284,mem.rss.file,process_memory,,,,,,32
285,mem.rss.shmem,process_memory,,,,,,32
286,mem.swap,process_memory,,,,,,32
287,oom_score_adj,oom_score_adj,,,,,,32
288,mem.virt,process_memory,,,,,,33
289,mem.locked,process_memory,,,,,,33
290,mem.rss.watermark,process_memory,,,,,,33
291,mem.rss,process_memory,,,,,,33
292,mem.rss.anon,process_memory,,,,,,33
293,mem.rss.file,process_memory,,,,,,33
294,mem.rss.shmem,process_memory,,,,,,33
295,mem.swap,process_memory,,,,,,33
296,oom_score_adj,oom_score_adj,,,,,,33
297,mem.virt,process_memory,,,,,,34
298,mem.locked,process_memory,,,,,,34
299,mem.rss.watermark,process_memory,,,,,,34
300,mem.rss,process_memory,,,,,,34
301,mem.rss.anon,process_memory,,,,,,34
302,mem.rss.file,process_memory,,,,,,34
303,mem.rss.shmem,process_memory,,,,,,34
304,mem.swap,process_memory,,,,,,34
305,oom_score_adj,oom_score_adj,,,,,,34
306,mem.virt,process_memory,,,,,,35
307,mem.locked,process_memory,,,,,,35
308,mem.rss.watermark,process_memory,,,,,,35
309,mem.rss,process_memory,,,,,,35
310,mem.rss.anon,process_memory,,,,,,35
311,mem.rss.file,process_memory,,,,,,35
312,mem.rss.shmem,process_memory,,,,,,35
313,mem.swap,process_memory,,,,,,35
314,oom_score_adj,oom_score_adj,,,,,,35
315,mem.virt,process_memory,,,,,,36
316,mem.locked,process_memory,,,,,,36
317,mem.rss.watermark,process_memory,,,,,,36
318,mem.rss,process_memory,,,,,,36
319,mem.rss.anon,process_memory,,,,,,36
320,mem.rss.file,process_memory,,,,,,36
321,mem.rss.shmem,process_memory,,,,,,36
322,mem.swap,process_memory,,,,,,36
323,oom_score_adj,oom_score_adj,,,,,,36
324,mem.virt,process_memory,,,,,,37
325,mem.locked,process_memory,,,,,,37
326,mem.rss.watermark,process_memory,,,,,,37
327,mem.rss,process_memory,,,,,,37
328,mem.rss.anon,process_memory,,,,,,37
329,mem.rss.file,process_memory,,,,,,37
330,mem.rss.shmem,process_memory,,,,,,37
331,mem.swap,process_memory,,,,,,37
332,oom_score_adj,oom_score_adj,,,,,,37
333,mem.virt,process_memory,,,,,,38
334,mem.locked,process_memory,,,,,,38
335,mem.rss.watermark,process_memory,,,,,,38
336,mem.rss,process_memory,,,,,,38
337,mem.rss.anon,process_memory,,,,,,38
338,mem.rss.file,process_memory,,,,,,38
339,mem.rss.shmem,process_memory,,,,,,38
340,mem.swap,process_memory,,,,,,38
341,oom_score_adj,oom_score_adj,,,,,,38
342,mem.virt,process_memory,,,,,,39
343,mem.locked,process_memory,,,,,,39
344,mem.rss.watermark,process_memory,,,,,,39
345,mem.rss,process_memory,,,,,,39
346,mem.rss.anon,process_memory,,,,,,39
347,mem.rss.file,process_memory,,,,,,39
348,mem.rss.shmem,process_memory,,,,,,39
349,mem.swap,process_memory,,,,,,39
350,oom_score_adj,oom_score_adj,,,,,,39
351,mem.virt,process_memory,,,,,,40
352,mem.locked,process_memory,,,,,,40
353,mem.rss.watermark,process_memory,,,,,,40
354,mem.rss,process_memory,,,,,,40
355,mem.rss.anon,process_memory,,,,,,40
356,mem.rss.file,process_memory,,,,,,40
357,mem.rss.shmem,process_memory,,,,,,40
358,mem.swap,process_memory,,,,,,40
359,oom_score_adj,oom_score_adj,,,,,,40
360,mem.virt,process_memory,,,,,,41
361,mem.locked,process_memory,,,,,,41
362,mem.rss.watermark,process_memory,,,,,,41
363,mem.rss,process_memory,,,,,,41
364,mem.rss.anon,process_memory,,,,,,41
365,mem.rss.file,process_memory,,,,,,41
366,mem.rss.shmem,process_memory,,,,,,41
367,mem.swap,process_memory,,,,,,41
368,oom_score_adj,oom_score_adj,,,,,,41
369,mem.virt,process_memory,,,,,,42
370,mem.locked,process_memory,,,,,,42
371,mem.rss.watermark,process_memory,,,,,,42
372,mem.rss,process_memory,,,,,,42
373,mem.rss.anon,process_memory,,,,,,42
374,mem.rss.file,process_memory,,,,,,42
375,mem.rss.shmem,process_memory,,,,,,42
376,mem.swap,process_memory,,,,,,42
377,oom_score_adj,oom_score_adj,,,,,,42
378,mem.virt,process_memory,,,,,,43
379,mem.locked,process_memory,,,,,,43
380,mem.rss.watermark,process_memory,,,,,,43
381,mem.rss,process_memory,,,,,,43
382,mem.rss.anon,process_memory,,,,,,43
383,mem.rss.file,process_memory,,,,,,43
384,mem.rss.shmem,process_memory,,,,,,43
385,mem.swap,process_memory,,,,,,43
386,oom_score_adj,oom_score_adj,,,,,,43
387,mem.virt,process_memory,,,,,,44
388,mem.locked,process_memory,,,,,,44
389,mem.rss.watermark,process_memory,,,,,,44
390,mem.rss,process_memory,,,,,,44
391,mem.rss.anon,process_memory,,,,,,44
392,mem.rss.file,process_memory,,,,,,44
393,mem.rss.shmem,process_memory,,,,,,44
394,mem.swap,process_memory,,,,,,44
395,oom_score_adj,oom_score_adj,,,,,,44
396,mem.virt,process_memory,,,,,,45
397,mem.locked,process_memory,,,,,,45
398,mem.rss.watermark,process_memory,,,,,,45
399,mem.rss,process_memory,,,,,,45
400,mem.rss.anon,process_memory,,,,,,45
401,mem.rss.file,process_memory,,,,,,45
402,mem.rss.shmem,process_memory,,,,,,45
403,mem.swap,process_memory,,,,,,45
404,oom_score_adj,oom_score_adj,,,,,,45
405,mem.virt,process_memory,,,,,,46
406,mem.locked,process_memory,,,,,,46
407,mem.rss.watermark,process_memory,,,,,,46
408,mem.rss,process_memory,,,,,,46
409,mem.rss.anon,process_memory,,,,,,46
410,mem.rss.file,process_memory,,,,,,46
411,mem.rss.shmem,process_memory,,,,,,46
412,mem.swap,process_memory,,,,,,46
413,oom_score_adj,oom_score_adj,,,,,,46
414,mem.virt,process_memory,,,,,,47
415,mem.locked,process_memory,,,,,,47
416,mem.rss.watermark,process_memory,,,,,,47
417,mem.rss,process_memory,,,,,,47
418,mem.rss.anon,process_memory,,,,,,47
419,mem.rss.file,process_memory,,,,,,47
420,mem.rss.shmem,process_memory,,,,,,47
421,mem.swap,process_memory,,,,,,47
422,oom_score_adj,oom_score_adj,,,,,,47
423,mem.virt,process_memory,,,,,,48
424,mem.locked,process_memory,,,,,,48
425,mem.rss.watermark,process_memory,,,,,,48
426,mem.rss,process_memory,,,,,,48
427,mem.rss.anon,process_memory,,,,,,48
428,mem.rss.file,process_memory,,,,,,48
429,mem.rss.shmem,process_memory,,,,,,48
430,mem.swap,process_memory,,,,,,48
431,oom_score_adj,oom_score_adj,,,,,,48
432,mem.virt,process_memory,,,,,,49
433,mem.locked,process_memory,,,,,,49
434,mem.rss.watermark,process_memory,,,,,,49
435,mem.rss,process_memory,,,,,,49
436,mem.rss.anon,process_memory,,,,,,49
437,mem.rss.file,process_memory,,,,,,49
438,mem.rss.shmem,process_memory,,,,,,49
439,mem.swap,process_memory,,,,,,49
440,oom_score_adj,oom_score_adj,,,,,,49
441,mem.virt,process_memory,,,,,,50
442,mem.locked,process_memory,,,,,,50
443,mem.rss.watermark,process_memory,,,,,,50
444,mem.rss,process_memory,,,,,,50
445,mem.rss.anon,process_memory,,,,,,50
446,mem.rss.file,process_memory,,,,,,50
447,mem.rss.shmem,process_memory,,,,,,50
448,mem.swap,process_memory,,,,,,50
449,oom_score_adj,oom_score_adj,,,,,,50
450,mem.virt,process_memory,,,,,,51
451,mem.locked,process_memory,,,,,,51
452,mem.rss.watermark,process_memory,,,,,,51
453,mem.rss,process_memory,,,,,,51
454,mem.rss.anon,process_memory,,,,,,51
455,mem.rss.file,process_memory,,,,,,51
456,mem.rss.shmem,process_memory,,,,,,51
457,mem.swap,process_memory,,,,,,51
458,oom_score_adj,oom_score_adj,,,,,,51
459,mem.virt,process_memory,,,,,,52
460,mem.locked,process_memory,,,,,,52
461,mem.rss.watermark,process_memory,,,,,,52
462,mem.rss,process_memory,,,,,,52
463,mem.rss.anon,process_memory,,,,,,52
464,mem.rss.file,process_memory,,,,,,52
465,mem.rss.shmem,process_memory,,,,,,52
466,mem.swap,process_memory,,,,,,52
467,oom_score_adj,oom_score_adj,,,,,,52
468,mem.virt,process_memory,,,,,,53
469,mem.locked,process_memory,,,,,,53
470,mem.rss.watermark,process_memory,,,,,,53
471,mem.rss,process_memory,,,,,,53
472,mem.rss.anon,process_memory,,,,,,53
473,mem.rss.file,process_memory,,,,,,53
474,mem.rss.shmem,process_memory,,,,,,53
475,mem.swap,process_memory,,,,,,53
476,oom_score_adj,oom_score_adj,,,,,,53
477,mem.virt,process_memory,,,,,,54
478,mem.locked,process_memory,,,,,,54
479,mem.rss.watermark,process_memory,,,,,,54
480,mem.rss,process_memory,,,,,,54
481,mem.rss.anon,process_memory,,,,,,54
482,mem.rss.file,process_memory,,,,,,54
483,mem.rss.shmem,process_memory,,,,,,54
484,mem.swap,process_memory,,,,,,54
485,oom_score_adj,oom_score_adj,,,,,,54
486,mem.virt,process_memory,,,,,,55
487,mem.locked,process_memory,,,,,,55
488,mem.rss.watermark,process_memory,,,,,,55
489,mem.rss,process_memory,,,,,,55
490,mem.rss.anon,process_memory,,,,,,55
491,mem.rss.file,process_memory,,,,,,55
492,mem.rss.shmem,process_memory,,,,,,55
493,mem.swap,process_memory,,,,,,55
494,oom_score_adj,oom_score_adj,,,,,,55
495,mem.virt,process_memory,,,,,,56
496,mem.locked,process_memory,,,,,,56
497,mem.rss.watermark,process_memory,,,,,,56
498,mem.rss,process_memory,,,,,,56
499,mem.rss.anon,process_memory,,,,,,56
500,mem.rss.file,process_memory,,,,,,56
501,mem.rss.shmem,process_memory,,,,,,56
502,mem.swap,process_memory,,,,,,56
503,oom_score_adj,oom_score_adj,,,,,,56
504,mem.virt,process_memory,,,,,,57
505,mem.locked,process_memory,,,,,,57
506,mem.rss.watermark,process_memory,,,,,,57
507,mem.rss,process_memory,,,,,,57
508,mem.rss.anon,process_memory,,,,,,57
509,mem.rss.file,process_memory,,,,,,57
510,mem.rss.shmem,process_memory,,,,,,57
511,mem.swap,process_memory,,,,,,57
512,oom_score_adj,oom_score_adj,,,,,,57
513,mem.virt,process_memory,,,,,,58
514,mem.locked,process_memory,,,,,,58
515,mem.rss.watermark,process_memory,,,,,,58
516,mem.rss,process_memory,,,,,,58
517,mem.rss.anon,process_memory,,,,,,58
518,mem.rss.file,process_memory,,,,,,58
519,mem.rss.shmem,process_memory,,,,,,58
520,mem.swap,process_memory,,,,,,58
521,oom_score_adj,oom_score_adj,,,,,,58
522,mem.virt,process_memory,,,,,,59
523,mem.locked,process_memory,,,,,,59
524,mem.rss.watermark,process_memory,,,,,,59
525,mem.rss,process_memory,,,,,,59
526,mem.rss.anon,process_memory,,,,,,59
527,mem.rss.file,process_memory,,,,,,59
528,mem.rss.shmem,process_memory,,,,,,59
529,mem.swap,process_memory,,,,,,59
530,oom_score_adj,oom_score_adj,,,,,,59
531,mem.virt,process_memory,,,,,,60
532,mem.locked,process_memory,,,,,,60
533,mem.rss.watermark,process_memory,,,,,,60
534,mem.rss,process_memory,,,,,,60
535,mem.rss.anon,process_memory,,,,,,60
536,mem.rss.file,process_memory,,,,,,60
537,mem.rss.shmem,process_memory,,,,,,60
538,mem.swap,process_memory,,,,,,60
539,oom_score_adj,oom_score_adj,,,,,,60
540,mem.virt,process_memory,,,,,,61
541,mem.locked,process_memory,,,,,,61
542,mem.rss.watermark,process_memory,,,,,,61
543,mem.rss,process_memory,,,,,,61
544,mem.rss.anon,process_memory,,,,,,61
545,mem.rss.file,process_memory,,,,,,61
546,mem.rss.shmem,process_memory,,,,,,61
547,mem.swap,process_memory,,,,,,61
548,oom_score_adj,oom_score_adj,,,,,,61
549,mem.virt,process_memory,,,,,,62
550,mem.locked,process_memory,,,,,,62
551,mem.rss.watermark,process_memory,,,,,,62
552,mem.rss,process_memory,,,,,,62
553,mem.rss.anon,process_memory,,,,,,62
554,mem.rss.file,process_memory,,,,,,62
555,mem.rss.shmem,process_memory,,,,,,62
556,mem.swap,process_memory,,,,,,62
557,oom_score_adj,oom_score_adj,,,,,,62
558,mem.virt,process_memory,,,,,,63
559,mem.locked,process_memory,,,,,,63
560,mem.rss.watermark,process_memory,,,,,,63
561,mem.rss,process_memory,,,,,,63
562,mem.rss.anon,process_memory,,,,,,63
563,mem.rss.file,process_memory,,,,,,63
564,mem.rss.shmem,process_memory,,,,,,63
565,mem.swap,process_memory,,,,,,63
566,oom_score_adj,oom_score_adj,,,,,,63
567,mem.virt,process_memory,,,,,,64
568,mem.locked,process_memory,,,,,,64
569,mem.rss.watermark,process_memory,,,,,,64
570,mem.rss,process_memory,,,,,,64
571,mem.rss.anon,process_memory,,,,,,64
572,mem.rss.file,process_memory,,,,,,64
573,mem.rss.shmem,process_memory,,,,,,64
574,mem.swap,process_memory,,,,,,64
575,oom_score_adj,oom_score_adj,,,,,,64
576,mem.virt,process_memory,,,,,,65
577,mem.locked,process_memory,,,,,,65
578,mem.rss.watermark,process_memory,,,,,,65
579,mem.rss,process_memory,,,,,,65
580,mem.rss.anon,process_memory,,,,,,65
581,mem.rss.file,process_memory,,,,,,65
582,mem.rss.shmem,process_memory,,,,,,65
583,mem.swap,process_memory,,,,,,65
584,oom_score_adj,oom_score_adj,,,,,,65
585,mem.virt,process_memory,,,,,,66
586,mem.locked,process_memory,,,,,,66
587,mem.rss.watermark,process_memory,,,,,,66
588,mem.rss,process_memory,,,,,,66
589,mem.rss.anon,process_memory,,,,,,66
590,mem.rss.file,process_memory,,,,,,66
591,mem.rss.shmem,process_memory,,,,,,66
592,mem.swap,process_memory,,,,,,66
593,oom_score_adj,oom_score_adj,,,,,,66
594,mem.virt,process_memory,,,,,,67
595,mem.locked,process_memory,,,,,,67
596,mem.rss.watermark,process_memory,,,,,,67
597,mem.rss,process_memory,,,,,,67
598,mem.rss.anon,process_memory,,,,,,67
599,mem.rss.file,process_memory,,,,,,67
600,mem.rss.shmem,process_memory,,,,,,67
601,mem.swap,process_memory,,,,,,67
602,oom_score_adj,oom_score_adj,,,,,,67
603,mem.virt,process_memory,,,,,,68
604,mem.locked,process_memory,,,,,,68
605,mem.rss.watermark,process_memory,,,,,,68
606,mem.rss,process_memory,,,,,,68
607,mem.rss.anon,process_memory,,,,,,68
608,mem.rss.file,process_memory,,,,,,68
609,mem.rss.shmem,process_memory,,,,,,68
610,mem.swap,process_memory,,,,,,68
611,oom_score_adj,oom_score_adj,,,,,,68
612,mem.virt,process_memory,,,,,,69
613,mem.locked,process_memory,,,,,,69
614,mem.rss.watermark,process_memory,,,,,,69
615,mem.rss,process_memory,,,,,,69
616,mem.rss.anon,process_memory,,,,,,69
617,mem.rss.file,process_memory,,,,,,69
618,mem.rss.shmem,process_memory,,,,,,69
619,mem.swap,process_memory,,,,,,69
620,oom_score_adj,oom_score_adj,,,,,,69
621,mem.virt,process_memory,,,,,,70
622,mem.locked,process_memory,,,,,,70
623,mem.rss.watermark,process_memory,,,,,,70
624,mem.rss,process_memory,,,,,,70
625,mem.rss.anon,process_memory,,,,,,70
626,mem.rss.file,process_memory,,,,,,70
627,mem.rss.shmem,process_memory,,,,,,70
628,mem.swap,process_memory,,,,,,70
629,oom_score_adj,oom_score_adj,,,,,,70
630,mem.virt,process_memory,,,,,,71
631,mem.locked,process_memory,,,,,,71
632,mem.rss.watermark,process_memory,,,,,,71
633,mem.rss,process_memory,,,,,,71
634,mem.rss.anon,process_memory,,,,,,71
635,mem.rss.file,process_memory,,,,,,71
636,mem.rss.shmem,process_memory,,,,,,71
637,mem.swap,process_memory,,,,,,71
638,oom_score_adj,oom_score_adj,,,,,,71
639,mem.virt,process_memory,,,,,,72
640,mem.locked,process_memory,,,,,,72
641,mem.rss.watermark,process_memory,,,,,,72
642,mem.rss,process_memory,,,,,,72
643,mem.rss.anon,process_memory,,,,,,72
644,mem.rss.file,process_memory,,,,,,72
645,mem.rss.shmem,process_memory,,,,,,72
646,mem.swap,process_memory,,,,,,72
647,oom_score_adj,oom_score_adj,,,,,,72
648,mem.virt,process_memory,,,,,,73
649,mem.locked,process_memory,,,,,,73
650,mem.rss.watermark,process_memory,,,,,,73
651,mem.rss,process_memory,,,,,,73
652,mem.rss.anon,process_memory,,,,,,73
653,mem.rss.file,process_memory,,,,,,73
654,mem.rss.shmem,process_memory,,,,,,73
655,mem.swap,process_memory,,,,,,73
656,oom_score_adj,oom_score_adj,,,,,,73
657,mem.virt,process_memory,,,,,,74
658,mem.locked,process_memory,,,,,,74
659,mem.rss.watermark,process_memory,,,,,,74
660,mem.rss,process_memory,,,,,,74
661,mem.rss.anon,process_memory,,,,,,74
662,mem.rss.file,process_memory,,,,,,74
663,mem.rss.shmem,process_memory,,,,,,74
664,mem.swap,process_memory,,,,,,74
665,oom_score_adj,oom_score_adj,,,,,,74
666,mem.virt,process_memory,,,,,,75
667,mem.locked,process_memory,,,,,,75
668,mem.rss.watermark,process_memory,,,,,,75
669,mem.rss,process_memory,,,,,,75
670,mem.rss.anon,process_memory,,,,,,75
671,mem.rss.file,process_memory,,,,,,75
672,mem.rss.shmem,process_memory,,,,,,75
673,mem.swap,process_memory,,,,,,75
674,oom_score_adj,oom_score_adj,,,,,,75
675,mem.virt,process_memory,,,,,,76
676,mem.locked,process_memory,,,,,,76
677,mem.rss.watermark,process_memory,,,,,,76
678,mem.rss,process_memory,,,,,,76
679,mem.rss.anon,process_memory,,,,,,76
680,mem.rss.file,process_memory,,,,,,76
681,mem.rss.shmem,process_memory,,,,,,76
682,mem.swap,process_memory,,,,,,76
683,oom_score_adj,oom_score_adj,,,,,,76
684,mem.virt,process_memory,,,,,,77
685,mem.locked,process_memory,,,,,,77
686,mem.rss.watermark,process_memory,,,,,,77
687,mem.rss,process_memory,,,,,,77
688,mem.rss.anon,process_memory,,,,,,77
689,mem.rss.file,process_memory,,,,,,77
690,mem.rss.shmem,process_memory,,,,,,77
691,mem.swap,process_memory,,,,,,77
692,oom_score_adj,oom_score_adj,,,,,,77
693,mem.virt,process_memory,,,,,,78
694,mem.locked,process_memory,,,,,,78
695,mem.rss.watermark,process_memory,,,,,,78
696,mem.rss,process_memory,,,,,,78
697,mem.rss.anon,process_memory,,,,,,78
698,mem.rss.file,process_memory,,,,,,78
699,mem.rss.shmem,process_memory,,,,,,78
700,mem.swap,process_memory,,,,,,78
701,oom_score_adj,oom_score_adj,,,,,,78
702,mem.virt,process_memory,,,,,,79
703,mem.locked,process_memory,,,,,,79
704,mem.rss.watermark,process_memory,,,,,,79
705,mem.rss,process_memory,,,,,,79
706,mem.rss.anon,process_memory,,,,,,79
707,mem.rss.file,process_memory,,,,,,79
708,mem.rss.shmem,process_memory,,,,,,79
709,mem.swap,process_memory,,,,,,79
710,oom_score_adj,oom_score_adj,,,,,,79
711,mem.virt,process_memory,,,,,,80
712,mem.locked,process_memory,,,,,,80
713,mem.rss.watermark,process_memory,,,,,,80
714,mem.rss,process_memory,,,,,,80
715,mem.rss.anon,process_memory,,,,,,80
716,mem.rss.file,process_memory,,,,,,80
717,mem.rss.shmem,process_memory,,,,,,80
718,mem.swap,process_memory,,,,,,80
719,oom_score_adj,oom_score_adj,,,,,,80
720,mem.virt,process_memory,,,,,,81
721,mem.locked,process_memory,,,,,,81
722,mem.rss.watermark,process_memory,,,,,,81
723,mem.rss,process_memory,,,,,,81
724,mem.rss.anon,process_memory,,,,,,81
725,mem.rss.file,process_memory,,,,,,81
726,mem.rss.shmem,process_memory,,,,,,81
727,mem.swap,process_memory,,,,,,81
728,oom_score_adj,oom_score_adj,,,,,,81
729,mem.virt,process_memory,,,,,,82
730,mem.locked,process_memory,,,,,,82
731,mem.rss.watermark,process_memory,,,,,,82
732,mem.rss,process_memory,,,,,,82
733,mem.rss.anon,process_memory,,,,,,82
734,mem.rss.file,process_memory,,,,,,82
735,mem.rss.shmem,process_memory,,,,,,82
736,mem.swap,process_memory,,,,,,82
737,oom_score_adj,oom_score_adj,,,,,,82
738,mem.virt,process_memory,,,,,,83
739,mem.locked,process_memory,,,,,,83
740,mem.rss.watermark,process_memory,,,,,,83
741,mem.rss,process_memory,,,,,,83
742,mem.rss.anon,process_memory,,,,,,83
743,mem.rss.file,process_memory,,,,,,83
744,mem.rss.shmem,process_memory,,,,,,83
745,mem.swap,process_memory,,,,,,83
746,oom_score_adj,oom_score_adj,,,,,,83
747,mem.virt,process_memory,,,,,,84
748,mem.locked,process_memory,,,,,,84
749,mem.rss.watermark,process_memory,,,,,,84
750,mem.rss,process_memory,,,,,,84
751,mem.rss.anon,process_memory,,,,,,84
752,mem.rss.file,process_memory,,,,,,84
753,mem.rss.shmem,process_memory,,,,,,84
754,mem.swap,process_memory,,,,,,84
755,oom_score_adj,oom_score_adj,,,,,,84
756,mem.virt,process_memory,,,,,,85
757,mem.locked,process_memory,,,,,,85
758,mem.rss.watermark,process_memory,,,,,,85
759,mem.rss,process_memory,,,,,,85
760,mem.rss.anon,process_memory,,,,,,85
761,mem.rss.file,process_memory,,,,,,85
762,mem.rss.shmem,process_memory,,,,,,85
763,mem.swap,process_memory,,,,,,85
764,oom_score_adj,oom_score_adj,,,,,,85
765,mem.virt,process_memory,,,,,,86
766,mem.locked,process_memory,,,,,,86
767,mem.rss.watermark,process_memory,,,,,,86
768,mem.rss,process_memory,,,,,,86
769,mem.rss.anon,process_memory,,,,,,86
770,mem.rss.file,process_memory,,,,,,86
771,mem.rss.shmem,process_memory,,,,,,86
772,mem.swap,process_memory,,,,,,86
773,oom_score_adj,oom_score_adj,,,,,,86
774,mem.virt,process_memory,,,,,,87
775,mem.locked,process_memory,,,,,,87
776,mem.rss.watermark,process_memory,,,,,,87
777,mem.rss,process_memory,,,,,,87
778,mem.rss.anon,process_memory,,,,,,87
779,mem.rss.file,process_memory,,,,,,87
780,mem.rss.shmem,process_memory,,,,,,87
781,mem.swap,process_memory,,,,,,87
782,oom_score_adj,oom_score_adj,,,,,,87
783,mem.virt,process_memory,,,,,,88
784,mem.locked,process_memory,,,,,,88
785,mem.rss.watermark,process_memory,,,,,,88
786,mem.rss,process_memory,,,,,,88
787,mem.rss.anon,process_memory,,,,,,88
788,mem.rss.file,process_memory,,,,,,88
789,mem.rss.shmem,process_memory,,,,,,88
790,mem.swap,process_memory,,,,,,88
791,oom_score_adj,oom_score_adj,,,,,,88
792,mem.virt,process_memory,,,,,,89
793,mem.locked,process_memory,,,,,,89
794,mem.rss.watermark,process_memory,,,,,,89
795,mem.rss,process_memory,,,,,,89
796,mem.rss.anon,process_memory,,,,,,89
797,mem.rss.file,process_memory,,,,,,89
798,mem.rss.shmem,process_memory,,,,,,89
799,mem.swap,process_memory,,,,,,89
800,oom_score_adj,oom_score_adj,,,,,,89
801,mem.virt,process_memory,,,,,,90
802,mem.locked,process_memory,,,,,,90
803,mem.rss.watermark,process_memory,,,,,,90
804,mem.rss,process_memory,,,,,,90
805,mem.rss.anon,process_memory,,,,,,90
806,mem.rss.file,process_memory,,,,,,90
807,mem.rss.shmem,process_memory,,,,,,90
808,mem.swap,process_memory,,,,,,90
809,oom_score_adj,oom_score_adj,,,,,,90
810,mem.virt,process_memory,,,,,,91
811,mem.locked,process_memory,,,,,,91
812,mem.rss.watermark,process_memory,,,,,,91
813,mem.rss,process_memory,,,,,,91
814,mem.rss.anon,process_memory,,,,,,91
815,mem.rss.file,process_memory,,,,,,91
816,mem.rss.shmem,process_memory,,,,,,91
817,mem.swap,process_memory,,,,,,91
818,oom_score_adj,oom_score_adj,,,,,,91
819,mem.virt,process_memory,,,,,,92
820,mem.locked,process_memory,,,,,,92
821,mem.rss.watermark,process_memory,,,,,,92
822,mem.rss,process_memory,,,,,,92
823,mem.rss.anon,process_memory,,,,,,92
824,mem.rss.file,process_memory,,,,,,92
825,mem.rss.shmem,process_memory,,,,,,92
826,mem.swap,process_memory,,,,,,92
827,oom_score_adj,oom_score_adj,,,,,,92
828,mem.virt,process_memory,,,,,,93
829,mem.locked,process_memory,,,,,,93
830,mem.rss.watermark,process_memory,,,,,,93
831,mem.rss,process_memory,,,,,,93
832,mem.rss.anon,process_memory,,,,,,93
833,mem.rss.file,process_memory,,,,,,93
834,mem.rss.shmem,process_memory,,,,,,93
835,mem.swap,process_memory,,,,,,93
836,oom_score_adj,oom_score_adj,,,,,,93
837,mem.virt,process_memory,,,,,,94
838,mem.locked,process_memory,,,,,,94
839,mem.rss.watermark,process_memory,,,,,,94
840,mem.rss,process_memory,,,,,,94
841,mem.rss.anon,process_memory,,,,,,94
842,mem.rss.file,process_memory,,,,,,94
843,mem.rss.shmem,process_memory,,,,,,94
844,mem.swap,process_memory,,,,,,94
845,oom_score_adj,oom_score_adj,,,,,,94
846,mem.virt,process_memory,,,,,,95
847,mem.locked,process_memory,,,,,,95
848,mem.rss.watermark,process_memory,,,,,,95
849,mem.rss,process_memory,,,,,,95
850,mem.rss.anon,process_memory,,,,,,95
851,mem.rss.file,process_memory,,,,,,95
852,mem.rss.shmem,process_memory,,,,,,95
853,mem.swap,process_memory,,,,,,95
854,oom_score_adj,oom_score_adj,,,,,,95
855,mem.virt,process_memory,,,,,,96
856,mem.locked,process_memory,,,,,,96
857,mem.rss.watermark,process_memory,,,,,,96
858,mem.rss,process_memory,,,,,,96
859,mem.rss.anon,process_memory,,,,,,96
860,mem.rss.file,process_memory,,,,,,96
861,mem.rss.shmem,process_memory,,,,,,96
862,mem.swap,process_memory,,,,,,96
863,oom_score_adj,oom_score_adj,,,,,,96
864,mem.virt,process_memory,,,,,,97
865,mem.locked,process_memory,,,,,,97
866,mem.rss.watermark,process_memory,,,,,,97
867,mem.rss,process_memory,,,,,,97
868,mem.rss.anon,process_memory,,,,,,97
869,mem.rss.file,process_memory,,,,,,97
870,mem.rss.shmem,process_memory,,,,,,97
871,mem.swap,process_memory,,,,,,97
872,oom_score_adj,oom_score_adj,,,,,,97
873,mem.virt,process_memory,,,,,,98
874,mem.locked,process_memory,,,,,,98
875,mem.rss.watermark,process_memory,,,,,,98
876,mem.rss,process_memory,,,,,,98
877,mem.rss.anon,process_memory,,,,,,98
878,mem.rss.file,process_memory,,,,,,98
879,mem.rss.shmem,process_memory,,,,,,98
880,mem.swap,process_memory,,,,,,98
881,oom_score_adj,oom_score_adj,,,,,,98
882,mem.virt,process_memory,,,,,,99
883,mem.locked,process_memory,,,,,,99
884,mem.rss.watermark,process_memory,,,,,,99
885,mem.rss,process_memory,,,,,,99
886,mem.rss.anon,process_memory,,,,,,99
887,mem.rss.file,process_memory,,,,,,99
888,mem.rss.shmem,process_memory,,,,,,99
889,mem.swap,process_memory,,,,,,99
890,oom_score_adj,oom_score_adj,,,,,,99
891,mem.virt,process_memory,,,,,,100
892,mem.locked,process_memory,,,,,,100
893,mem.rss.watermark,process_memory,,,,,,100
894,mem.rss,process_memory,,,,,,100
895,mem.rss.anon,process_memory,,,,,,100
896,mem.rss.file,process_memory,,,,,,100
897,mem.rss.shmem,process_memory,,,,,,100
898,mem.swap,process_memory,,,,,,100
899,oom_score_adj,oom_score_adj,,,,,,100
900,mem.virt,process_memory,,,,,,101
901,mem.locked,process_memory,,,,,,101
902,mem.rss.watermark,process_memory,,,,,,101
903,mem.rss,process_memory,,,,,,101
904,mem.rss.anon,process_memory,,,,,,101
905,mem.rss.file,process_memory,,,,,,101
906,mem.rss.shmem,process_memory,,,,,,101
907,mem.swap,process_memory,,,,,,101
908,oom_score_adj,oom_score_adj,,,,,,101
909,mem.virt,process_memory,,,,,,102
910,mem.locked,process_memory,,,,,,102
911,mem.rss.watermark,process_memory,,,,,,102
912,mem.rss,process_memory,,,,,,102
913,mem.rss.anon,process_memory,,,,,,102
914,mem.rss.file,process_memory,,,,,,102
915,mem.rss.shmem,process_memory,,,,,,102
916,mem.swap,process_memory,,,,,,102
917,oom_score_adj,oom_score_adj,,,,,,102
918,mem.virt,process_memory,,,,,,103
919,mem.locked,process_memory,,,,,,103
920,mem.rss.watermark,process_memory,,,,,,103
921,mem.rss,process_memory,,,,,,103
922,mem.rss.anon,process_memory,,,,,,103
923,mem.rss.file,process_memory,,,,,,103
924,mem.rss.shmem,process_memory,,,,,,103
925,mem.swap,process_memory,,,,,,103
926,oom_score_adj,oom_score_adj,,,,,,103
927,mem.virt,process_memory,,,,,,104
928,mem.locked,process_memory,,,,,,104
929,mem.rss.watermark,process_memory,,,,,,104
930,mem.rss,process_memory,,,,,,104
931,mem.rss.anon,process_memory,,,,,,104
932,mem.rss.file,process_memory,,,,,,104
933,mem.rss.shmem,process_memory,,,,,,104
934,mem.swap,process_memory,,,,,,104
935,oom_score_adj,oom_score_adj,,,,,,104
936,mem.virt,process_memory,,,,,,105
937,mem.locked,process_memory,,,,,,105
938,mem.rss.watermark,process_memory,,,,,,105
939,mem.rss,process_memory,,,,,,105
940,mem.rss.anon,process_memory,,,,,,105
941,mem.rss.file,process_memory,,,,,,105
942,mem.rss.shmem,process_memory,,,,,,105
943,mem.swap,process_memory,,,,,,105
944,oom_score_adj,oom_score_adj,,,,,,105
945,mem.virt,process_memory,,,,,,106
946,mem.locked,process_memory,,,,,,106
947,mem.rss.watermark,process_memory,,,,,,106
948,mem.rss,process_memory,,,,,,106
949,mem.rss.anon,process_memory,,,,,,106
950,mem.rss.file,process_memory,,,,,,106
951,mem.rss.shmem,process_memory,,,,,,106
952,mem.swap,process_memory,,,,,,106
953,oom_score_adj,oom_score_adj,,,,,,106
954,mem.virt,process_memory,,,,,,107
955,mem.locked,process_memory,,,,,,107
956,mem.rss.watermark,process_memory,,,,,,107
957,mem.rss,process_memory,,,,,,107
958,mem.rss.anon,process_memory,,,,,,107
959,mem.rss.file,process_memory,,,,,,107
960,mem.rss.shmem,process_memory,,,,,,107
961,mem.swap,process_memory,,,,,,107
962,oom_score_adj,oom_score_adj,,,,,,107
963,mem.virt,process_memory,,,,,,108
964,mem.locked,process_memory,,,,,,108
965,mem.rss.watermark,process_memory,,,,,,108
966,mem.rss,process_memory,,,,,,108
967,mem.rss.anon,process_memory,,,,,,108
968,mem.rss.file,process_memory,,,,,,108
969,mem.rss.shmem,process_memory,,,,,,108
970,mem.swap,process_memory,,,,,,108
971,oom_score_adj,oom_score_adj,,,,,,108
972,mem.virt,process_memory,,,,,,109
973,mem.locked,process_memory,,,,,,109
974,mem.rss.watermark,process_memory,,,,,,109
975,mem.rss,process_memory,,,,,,109
976,mem.rss.anon,process_memory,,,,,,109
977,mem.rss.file,process_memory,,,,,,109
978,mem.rss.shmem,process_memory,,,,,,109
979,mem.swap,process_memory,,,,,,109
980,oom_score_adj,oom_score_adj,,,,,,109
981,mem.virt,process_memory,,,,,,110
982,mem.locked,process_memory,,,,,,110
983,mem.rss.watermark,process_memory,,,,,,110
984,mem.rss,process_memory,,,,,,110
985,mem.rss.anon,process_memory,,,,,,110
986,mem.rss.file,process_memory,,,,,,110
987,mem.rss.shmem,process_memory,,,,,,110
988,mem.swap,process_memory,,,,,,110
989,oom_score_adj,oom_score_adj,,,,,,110
990,mem.virt,process_memory,,,,,,111
991,mem.locked,process_memory,,,,,,111
992,mem.rss.watermark,process_memory,,,,,,111
993,mem.rss,process_memory,,,,,,111
994,mem.rss.anon,process_memory,,,,,,111
995,mem.rss.file,process_memory,,,,,,111
996,mem.rss.shmem,process_memory,,,,,,111
997,mem.swap,process_memory,,,,,,111
998,oom_score_adj,oom_score_adj,,,,,,111
999,mem.virt,process_memory,,,,,,112
1000,mem.locked,process_memory,,,,,,112
1001,mem.rss.watermark,process_memory,,,,,,112
1002,mem.rss,process_memory,,,,,,112
1003,mem.rss.anon,process_memory,,,,,,112
1004,mem.rss.file,process_memory,,,,,,112
1005,mem.rss.shmem,process_memory,,,,,,112
1006,mem.swap,process_memory,,,,,,112
1007,oom_score_adj,oom_score_adj,,,,,,112
1008,mem.virt,process_memory,,,,,,113
1009,mem.locked,process_memory,,,,,,113
1010,mem.rss.watermark,process_memory,,,,,,113
1011,mem.rss,process_memory,,,,,,113
1012,mem.rss.anon,process_memory,,,,,,113
1013,mem.rss.file,process_memory,,,,,,113
1014,mem.rss.shmem,process_memory,,,,,,113
1015,mem.swap,process_memory,,,,,,113
1016,oom_score_adj,oom_score_adj,,,,,,113
1017,mem.virt,process_memory,,,,,,114
1018,mem.locked,process_memory,,,,,,114
1019,mem.rss.watermark,process_memory,,,,,,114
1020,mem.rss,process_memory,,,,,,114
1021,mem.rss.anon,process_memory,,,,,,114
1022,mem.rss.file,process_memory,,,,,,114
1023,mem.rss.shmem,process_memory,,,,,,114
1024,mem.swap,process_memory,,,,,,114
1025,oom_score_adj,oom_score_adj,,,,,,114
1026,mem.virt,process_memory,,,,,,115
1027,mem.locked,process_memory,,,,,,115
1028,mem.rss.watermark,process_memory,,,,,,115
1029,mem.rss,process_memory,,,,,,115
1030,mem.rss.anon,process_memory,,,,,,115
1031,mem.rss.file,process_memory,,,,,,115
1032,mem.rss.shmem,process_memory,,,,,,115
1033,mem.swap,process_memory,,,,,,115
1034,oom_score_adj,oom_score_adj,,,,,,115
1035,mem.virt,process_memory,,,,,,116
1036,mem.locked,process_memory,,,,,,116
1037,mem.rss.watermark,process_memory,,,,,,116
1038,mem.rss,process_memory,,,,,,116
1039,mem.rss.anon,process_memory,,,,,,116
1040,mem.rss.file,process_memory,,,,,,116
1041,mem.rss.shmem,process_memory,,,,,,116
1042,mem.swap,process_memory,,,,,,116
1043,oom_score_adj,oom_score_adj,,,,,,116
1044,mem.virt,process_memory,,,,,,117
1045,mem.locked,process_memory,,,,,,117
1046,mem.rss.watermark,process_memory,,,,,,117
1047,mem.rss,process_memory,,,,,,117
1048,mem.rss.anon,process_memory,,,,,,117
1049,mem.rss.file,process_memory,,,,,,117
1050,mem.rss.shmem,process_memory,,,,,,117
1051,mem.swap,process_memory,,,,,,117
1052,oom_score_adj,oom_score_adj,,,,,,117
1053,mem.virt,process_memory,,,,,,118
1054,mem.locked,process_memory,,,,,,118
1055,mem.rss.watermark,process_memory,,,,,,118
1056,mem.rss,process_memory,,,,,,118
1057,mem.rss.anon,process_memory,,,,,,118
1058,mem.rss.file,process_memory,,,,,,118
1059,mem.rss.shmem,process_memory,,,,,,118
1060,mem.swap,process_memory,,,,,,118
1061,oom_score_adj,oom_score_adj,,,,,,118
1062,mem.virt,process_memory,,,,,,119
1063,mem.locked,process_memory,,,,,,119
1064,mem.rss.watermark,process_memory,,,,,,119
1065,mem.rss,process_memory,,,,,,119
1066,mem.rss.anon,process_memory,,,,,,119
1067,mem.rss.file,process_memory,,,,,,119
1068,mem.rss.shmem,process_memory,,,,,,119
1069,mem.swap,process_memory,,,,,,119
1070,oom_score_adj,oom_score_adj,,,,,,119
1071,mem.virt,process_memory,,,,,,120
1072,mem.locked,process_memory,,,,,,120
1073,mem.rss.watermark,process_memory,,,,,,120
1074,mem.rss,process_memory,,,,,,120
1075,mem.rss.anon,process_memory,,,,,,120
1076,mem.rss.file,process_memory,,,,,,120
1077,mem.rss.shmem,process_memory,,,,,,120
1078,mem.swap,process_memory,,,,,,120
1079,oom_score_adj,oom_score_adj,,,,,,120
1080,mem.virt,process_memory,,,,,,121
1081,mem.locked,process_memory,,,,,,121
1082,mem.rss.watermark,process_memory,,,,,,121
1083,mem.rss,process_memory,,,,,,121
1084,mem.rss.anon,process_memory,,,,,,121
1085,mem.rss.file,process_memory,,,,,,121
1086,mem.rss.shmem,process_memory,,,,,,121
1087,mem.swap,process_memory,,,,,,121
1088,oom_score_adj,oom_score_adj,,,,,,121
1089,mem.virt,process_memory,,,,,,122
1090,mem.locked,process_memory,,,,,,122
1091,mem.rss.watermark,process_memory,,,,,,122
1092,mem.rss,process_memory,,,,,,122
1093,mem.rss.anon,process_memory,,,,,,122
1094,mem.rss.file,process_memory,,,,,,122
1095,mem.rss.shmem,process_memory,,,,,,122
1096,mem.swap,process_memory,,,,,,122
1097,oom_score_adj,oom_score_adj,,,,,,122
1098,mem.virt,process_memory,,,,,,123
1099,mem.locked,process_memory,,,,,,123
1100,mem.rss.watermark,process_memory,,,,,,123
1101,mem.rss,process_memory,,,,,,123
1102,mem.rss.anon,process_memory,,,,,,123
1103,mem.rss.file,process_memory,,,,,,123
1104,mem.rss.shmem,process_memory,,,,,,123
1105,mem.swap,process_memory,,,,,,123
1106,oom_score_adj,oom_score_adj,,,,,,123
1108,mem.virt,process_memory,,,,,,124
1109,mem.locked,process_memory,,,,,,124
1110,mem.rss.watermark,process_memory,,,,,,124
1111,mem.rss,process_memory,,,,,,124
1112,mem.rss.anon,process_memory,,,,,,124
1113,mem.rss.file,process_memory,,,,,,124
1114,mem.rss.shmem,process_memory,,,,,,124
1115,mem.swap,process_memory,,,,,,124
1116,oom_score_adj,oom_score_adj,,,,,,124
